16234	30308	scream_female
68783	83622	scream_female
123318	143768	scream_female
178682	189268	scream_female
223438	238200	scream_female
274920	283406	scream_female
285976	300946	scream_female
334976	368854	scream_female
405276	430363	scream_female
466035	482333	scream_female
515407	539659	scream_female
575514	589053	scream_female
623131	645956	scream_female
680478	703674	scream_female
764799	798740	scream_female
836793	866282	scream_female
902744	925031	scream_female
962203	978761	scream_female
1013302	1043543	scream_female
1078775	1109370	scream_female
1154986	1173448	scream_female